Date,sp500_Close,dax_Close,nikkei_Close,ftse_Close
2017-06-02,2439.070068359375,12822.9404296875,20177.279296875,7547.60009765625
2017-06-06,2429.330078125,12690.1201171875,19979.900390625,7525.0
2017-06-07,2433.139892578125,12672.490234375,19984.619140625,7478.60009765625
2017-06-08,2433.7900390625,12713.580078125,19909.259765625,7450.0
2017-06-09,2431.77001953125,12815.7197265625,20013.259765625,7527.2998046875
2017-06-12,2429.389892578125,12690.4404296875,19908.580078125,7511.89990234375
2017-06-13,2440.35009765625,12764.98046875,19898.75,7500.39990234375
2017-06-14,2437.919921875,12805.9501953125,19883.51953125,7474.39990234375
2017-06-15,2432.4599609375,12691.8095703125,19831.8203125,7419.39990234375
2017-06-16,2433.14990234375,12752.73046875,19943.259765625,7463.5
2017-06-19,2453.4599609375,12888.9501953125,20067.75,7523.7998046875
2017-06-20,2437.030029296875,12814.7900390625,20230.41015625,7472.7001953125
2017-06-21,2435.610107421875,12774.259765625,20138.7890625,7447.7998046875
2017-06-22,2434.5,12794.0,20110.509765625,7439.2998046875
2017-06-23,2438.300048828125,12733.41015625,20132.669921875,7424.10009765625
2017-06-26,2439.070068359375,12770.830078125,20153.349609375,7446.7998046875
2017-06-27,2419.3798828125,12671.01953125,20225.08984375,7434.39990234375
2017-06-28,2440.68994140625,12647.26953125,20130.41015625,7387.7998046875
2017-06-29,2419.699951171875,12416.1904296875,20220.30078125,7350.2998046875
2017-06-30,2423.409912109375,12325.1201171875,20033.4296875,7312.7001953125
2017-07-03,2429.010009765625,12475.3095703125,20055.80078125,7377.10009765625
2017-07-05,2432.5400390625,12453.6796875,20081.630859375,7367.60009765625
2017-07-06,2409.75,12381.25,19994.060546875,7337.2998046875
2017-07-07,2425.179931640625,12388.6796875,19929.08984375,7350.89990234375
2017-07-10,2427.429931640625,12445.919921875,20080.98046875,7370.0
2017-07-11,2425.530029296875,12437.01953125,20195.48046875,7329.7998046875
2017-07-12,2443.25,12626.580078125,20098.380859375,7416.89990234375
2017-07-13,2447.830078125,12641.330078125,20099.810546875,7413.39990234375
2017-07-14,2459.27001953125,12631.7197265625,20118.859375,7378.39990234375
2017-07-18,2460.610107421875,12430.3896484375,19999.91015625,7390.2001953125
2017-07-19,2473.830078125,12452.0498046875,20020.859375,7430.89990234375
2017-07-20,2473.449951171875,12447.25,20144.58984375,7487.89990234375
2017-07-21,2472.5400390625,12240.0595703125,20099.75,7452.89990234375
2017-07-24,2469.909912109375,12208.9501953125,19975.669921875,7377.7001953125
2017-07-25,2477.1298828125,12264.3095703125,19955.19921875,7434.7998046875
2017-07-26,2477.830078125,12305.1103515625,20050.16015625,7452.2998046875
2017-07-27,2475.419921875,12212.0400390625,20079.640625,7443.0
2017-07-28,2472.10009765625,12162.7001953125,19959.83984375,7368.39990234375
2017-07-31,2470.300048828125,12118.25,19925.1796875,7372.0
2017-08-01,2476.35009765625,12251.2900390625,19985.7890625,7423.7001953125
2017-08-02,2477.570068359375,12181.48046875,20080.0390625,7411.39990234375
2017-08-03,2472.159912109375,12154.7197265625,20029.259765625,7474.7998046875
2017-08-04,2476.830078125,12297.7197265625,19952.330078125,7511.7001953125
2017-08-07,2480.909912109375,12257.169921875,20055.890625,7531.89990234375
2017-08-08,2474.919921875,12292.0498046875,19996.009765625,7542.7001953125
2017-08-09,2474.02001953125,12154.0,19738.7109375,7498.10009765625
2017-08-10,2438.2099609375,12014.2998046875,19729.740234375,7389.89990234375
2017-08-14,2465.840087890625,12165.1201171875,19537.099609375,7353.89990234375
2017-08-15,2464.610107421875,12177.0400390625,19753.310546875,7383.89990234375
2017-08-16,2468.110107421875,12263.8603515625,19729.279296875,7433.0
2017-08-17,2430.010009765625,12203.4599609375,19702.630859375,7387.89990234375
2017-08-18,2425.550048828125,12165.1904296875,19470.41015625,7324.0
2017-08-21,2428.3701171875,12065.990234375,19393.130859375,7318.89990234375
2017-08-22,2452.510009765625,12229.33984375,19383.83984375,7381.7001953125
2017-08-23,2444.0400390625,12174.2998046875,19434.640625,7382.7001953125
2017-08-24,2438.969970703125,12180.830078125,19353.76953125,7407.10009765625
2017-08-25,2443.050048828125,12167.9404296875,19452.609375,7401.5
2017-08-29,2446.300048828125,11945.8798828125,19362.55078125,7337.39990234375
2017-08-30,2457.590087890625,12002.4697265625,19506.5390625,7365.2998046875
2017-08-31,2471.64990234375,12055.83984375,19646.240234375,7430.60009765625
2017-09-01,2476.550048828125,12142.6396484375,19691.470703125,7438.5
2017-09-05,2457.85009765625,12123.7099609375,19385.810546875,7372.89990234375
2017-09-06,2465.5400390625,12214.5400390625,19357.970703125,7354.10009765625
2017-09-07,2465.10009765625,12296.6298828125,19396.51953125,7397.0
2017-09-08,2461.429931640625,12303.98046875,19274.8203125,7377.60009765625
2017-09-11,2488.110107421875,12475.240234375,19545.76953125,7413.60009765625
2017-09-12,2496.47998046875,12524.76953125,19776.619140625,7400.7001953125
2017-09-13,2498.3701171875,12553.5703125,19865.8203125,7379.7001953125
2017-09-14,2495.6201171875,12540.4501953125,19807.439453125,7295.39990234375
2017-09-15,2500.22998046875,12518.8095703125,19909.5,7215.5
2017-09-19,2506.64990234375,12561.7900390625,20299.380859375,7275.2998046875
2017-09-20,2508.239990234375,12569.169921875,20310.4609375,7272.0
2017-09-21,2500.60009765625,12600.0302734375,20347.48046875,7263.89990234375
2017-09-22,2502.219970703125,12592.349609375,20296.44921875,7310.60009765625
2017-09-25,2496.659912109375,12594.8095703125,20397.580078125,7301.2998046875
2017-09-26,2496.840087890625,12605.2001953125,20330.189453125,7285.7001953125
2017-09-27,2507.0400390625,12657.41015625,20267.05078125,7313.5
2017-09-28,2510.06005859375,12704.650390625,20363.109375,7322.7998046875
2017-09-29,2519.360107421875,12828.8603515625,20356.279296875,7372.7998046875
2017-10-02,2529.1201171875,12902.650390625,20400.779296875,7438.7998046875
2017-10-04,2537.739990234375,12970.51953125,20626.66015625,7467.60009765625
2017-10-05,2552.070068359375,12968.0498046875,20628.560546875,7508.0
2017-10-06,2549.330078125,12955.9404296875,20690.7109375,7522.89990234375
2017-10-10,2550.639892578125,12949.25,20823.509765625,7538.2998046875
2017-10-11,2555.239990234375,12970.6796875,20881.26953125,7533.7998046875
2017-10-12,2550.929931640625,12982.8896484375,20954.720703125,7556.2001953125
2017-10-13,2553.169921875,12991.8701171875,21155.1796875,7535.39990234375
2017-10-16,2557.639892578125,13003.7001953125,21255.560546875,7527.0
2017-10-17,2559.360107421875,12995.0595703125,21336.119140625,7516.2001953125
2017-10-18,2561.260009765625,13043.0302734375,21363.05078125,7542.89990234375
2017-10-19,2562.10009765625,12990.099609375,21448.51953125,7523.0
2017-10-20,2575.2099609375,12991.2802734375,21457.640625,7523.2001953125
2017-10-23,2564.97998046875,13003.1396484375,21696.650390625,7524.5
2017-10-24,2569.1298828125,13013.1904296875,21805.169921875,7526.5
2017-10-25,2557.14990234375,12953.41015625,21707.619140625,7447.2001953125
2017-10-26,2560.39990234375,13133.2802734375,21739.779296875,7486.5
2017-10-27,2581.070068359375,13217.5400390625,22008.44921875,7505.0
2017-10-30,2572.830078125,13229.5703125,22011.669921875,7487.7998046875
2017-11-01,2579.360107421875,13465.509765625,22420.080078125,7488.0
2017-11-02,2579.85009765625,13440.9296875,22539.119140625,7555.2998046875
2017-11-03,2587.840087890625,13478.8603515625,22539.119140625,7560.39990234375
2017-11-06,2591.1298828125,13468.7900390625,22548.349609375,7562.2998046875
2017-11-07,2590.639892578125,13379.26953125,22937.599609375,7513.10009765625
2017-11-08,2594.3798828125,13382.419921875,22913.8203125,7529.7001953125
2017-11-09,2584.6201171875,13182.5595703125,22868.7109375,7484.10009765625
2017-11-10,2582.300048828125,13127.4697265625,22681.419921875,7433.0
2017-11-13,2584.840087890625,13074.419921875,22380.990234375,7415.2001953125
2017-11-14,2578.8701171875,13033.48046875,22380.009765625,7414.39990234375
2017-11-15,2564.6201171875,12976.3701171875,22028.3203125,7372.60009765625
2017-11-16,2585.639892578125,13047.2197265625,22351.119140625,7386.89990234375
2017-11-17,2578.85009765625,12993.73046875,22396.80078125,7380.7001953125
2017-11-20,2582.139892578125,13058.66015625,22261.759765625,7389.5
2017-11-21,2599.030029296875,13167.5400390625,22416.48046875,7411.2998046875
2017-11-22,2597.080078125,13015.0400390625,22523.150390625,7419.0
2017-11-24,2602.419921875,13059.83984375,22550.849609375,7409.60009765625
2017-11-27,2601.419921875,13000.2001953125,22495.990234375,7383.89990234375
2017-11-28,2627.0400390625,13059.5302734375,22486.240234375,7460.7001953125
2017-11-29,2626.070068359375,13061.8701171875,22597.19921875,7393.60009765625
2017-11-30,2647.580078125,13023.98046875,22724.9609375,7326.7001953125
2017-12-01,2642.219970703125,12861.490234375,22819.029296875,7300.5
2017-12-04,2639.43994140625,13058.5498046875,22707.16015625,7339.0
2017-12-05,2629.570068359375,13048.5400390625,22622.380859375,7327.5
2017-12-06,2629.27001953125,12998.849609375,22177.0390625,7348.0
2017-12-07,2636.97998046875,13045.150390625,22498.029296875,7320.7998046875
2017-12-08,2651.5,13153.7001953125,22811.080078125,7394.0
2017-12-11,2659.989990234375,13123.650390625,22938.73046875,7453.5
2017-12-12,2664.110107421875,13183.5302734375,22866.169921875,7500.39990234375
2017-12-13,2662.85009765625,13125.6396484375,22758.0703125,7496.5
2017-12-14,2652.010009765625,13068.080078125,22694.44921875,7448.10009765625
2017-12-15,2675.81005859375,13103.5595703125,22553.220703125,7490.60009765625
2017-12-18,2690.159912109375,13312.2998046875,22901.76953125,7537.0
2017-12-19,2681.469970703125,13215.7900390625,22868.0,7544.10009765625
2017-12-20,2679.25,13069.169921875,22891.720703125,7525.2001953125
2017-12-21,2684.570068359375,13109.740234375,22866.099609375,7604.0
2017-12-22,2683.340087890625,13072.7900390625,22902.759765625,7592.7001953125
2017-12-27,2682.6201171875,13070.01953125,22911.2109375,7620.7001953125
2017-12-28,2687.5400390625,12979.9404296875,22783.98046875,7622.89990234375
2017-12-29,2673.610107421875,12917.6396484375,22764.939453125,7687.7998046875
2018-01-04,2723.989990234375,13167.8896484375,23506.330078125,7695.89990234375
2018-01-05,2743.14990234375,13319.6396484375,23714.529296875,7724.2001953125
2018-01-09,2751.2900390625,13385.58984375,23849.990234375,7731.0
2018-01-10,2748.22998046875,13281.33984375,23788.19921875,7748.5
2018-01-11,2767.56005859375,13202.900390625,23710.4296875,7762.89990234375
2018-01-12,2786.239990234375,13245.0302734375,23653.8203125,7778.60009765625
2018-01-16,2776.419921875,13246.330078125,23951.810546875,7755.89990234375
2018-01-17,2802.56005859375,13183.9599609375,23868.33984375,7725.39990234375
2018-01-18,2798.030029296875,13281.4296875,23763.369140625,7701.0
2018-01-19,2810.300048828125,13434.4501953125,23808.060546875,7730.7998046875
2018-01-22,2832.969970703125,13463.6904296875,23816.330078125,7715.39990234375
2018-01-23,2839.1298828125,13559.599609375,24124.150390625,7731.7998046875
2018-01-24,2837.5400390625,13414.740234375,23940.779296875,7643.39990234375
2018-01-25,2839.25,13298.3603515625,23669.490234375,7615.7998046875
2018-01-26,2872.8701171875,13340.169921875,23631.880859375,7665.5
2018-01-29,2853.530029296875,13324.48046875,23629.33984375,7671.5
2018-01-30,2822.429931640625,13197.7099609375,23291.970703125,7588.0
2018-01-31,2823.81005859375,13189.48046875,23098.2890625,7533.60009765625
2018-02-01,2821.97998046875,13003.900390625,23486.109375,7490.39990234375
2018-02-02,2762.1298828125,12785.16015625,23274.529296875,7443.39990234375
2018-02-05,2648.93994140625,12687.490234375,22682.080078125,7335.0
2018-02-06,2695.139892578125,12392.66015625,21610.240234375,7141.39990234375
2018-02-07,2681.659912109375,12590.4296875,21645.369140625,7279.39990234375
2018-02-08,2581.0,12260.2900390625,21890.859375,7170.7001953125
2018-02-09,2619.550048828125,12107.48046875,21382.619140625,7092.39990234375
2018-02-13,2662.93994140625,12196.5,21244.6796875,7168.0
2018-02-14,2698.6298828125,12339.16015625,21154.169921875,7214.0
2018-02-15,2731.199951171875,12346.169921875,21464.98046875,7234.7998046875
2018-02-16,2732.219970703125,12451.9599609375,21720.25,7294.7001953125
2018-02-20,2716.260009765625,12487.900390625,21925.099609375,7246.7998046875
2018-02-21,2701.330078125,12470.490234375,21970.810546875,7281.60009765625
2018-02-22,2703.9599609375,12461.91015625,21736.439453125,7252.39990234375
2018-02-23,2747.300048828125,12483.7900390625,21892.779296875,7244.39990234375
2018-02-26,2779.60009765625,12527.0400390625,22153.630859375,7289.60009765625
2018-02-27,2744.280029296875,12490.73046875,22389.859375,7282.5
2018-02-28,2713.830078125,12435.849609375,22068.240234375,7231.89990234375
2018-03-01,2677.669921875,12190.9404296875,21724.470703125,7175.60009765625
2018-03-02,2691.25,11913.7099609375,21181.640625,7069.89990234375
2018-03-05,2720.93994140625,12090.8701171875,21042.08984375,7116.0
2018-03-06,2728.1201171875,12113.8701171875,21417.759765625,7146.7998046875
2018-03-07,2726.800048828125,12245.3603515625,21252.720703125,7157.7998046875
2018-03-08,2738.969970703125,12355.5703125,21368.0703125,7203.2001953125
2018-03-09,2786.570068359375,12346.6796875,21469.19921875,7224.5
2018-03-12,2783.02001953125,12418.3896484375,21824.029296875,7214.7998046875
2018-03-13,2765.31005859375,12221.0302734375,21968.099609375,7138.7998046875
2018-03-14,2749.47998046875,12237.740234375,21777.2890625,7132.7001953125
2018-03-15,2747.330078125,12345.5595703125,21803.94921875,7139.7998046875
2018-03-16,2752.010009765625,12389.580078125,21676.509765625,7164.10009765625
2018-03-19,2712.919921875,12217.01953125,21480.900390625,7042.89990234375
2018-03-20,2716.93994140625,12307.330078125,21380.970703125,7061.2998046875
2018-03-22,2643.68994140625,12100.080078125,21591.990234375,6952.60009765625
2018-03-23,2588.260009765625,11886.3095703125,20617.859375,6921.89990234375
2018-03-26,2658.550048828125,11787.259765625,20766.099609375,6888.7001953125
2018-03-27,2612.6201171875,11970.830078125,21317.3203125,7000.10009765625
2018-03-28,2605.0,11940.7099609375,21031.310546875,7044.7001953125
2018-03-29,2640.8701171875,12096.73046875,21159.080078125,7056.60009765625
2018-04-03,2614.449951171875,12002.4501953125,21292.2890625,7030.5
2018-04-04,2644.68994140625,11957.900390625,21319.55078125,7034.0
2018-04-05,2662.840087890625,12305.1904296875,21645.419921875,7199.5
2018-04-06,2604.469970703125,12241.26953125,21567.51953125,7183.60009765625
2018-04-09,2613.159912109375,12261.75,21678.259765625,7194.7998046875
2018-04-10,2656.8701171875,12397.3203125,21794.3203125,7266.7998046875
2018-04-11,2642.18994140625,12293.9697265625,21687.099609375,7257.10009765625
2018-04-12,2663.989990234375,12415.009765625,21660.279296875,7258.2998046875
2018-04-13,2656.300048828125,12442.400390625,21778.740234375,7264.60009765625
2018-04-16,2677.840087890625,12391.41015625,21835.529296875,7198.2001953125
2018-04-17,2706.389892578125,12585.5703125,21847.58984375,7226.10009765625
2018-04-18,2708.639892578125,12590.830078125,22158.19921875,7317.2998046875
2018-04-19,2693.1298828125,12567.419921875,22191.1796875,7328.89990234375
2018-04-20,2670.139892578125,12540.5,22162.240234375,7368.2001953125
2018-04-23,2670.2900390625,12572.3896484375,22088.0390625,7398.89990234375
2018-04-24,2634.56005859375,12550.8203125,22278.119140625,7425.39990234375
2018-04-25,2639.39990234375,12422.2998046875,22215.3203125,7379.2998046875
2018-04-26,2666.93994140625,12500.4697265625,22319.609375,7421.39990234375
2018-04-27,2669.909912109375,12580.8701171875,22467.869140625,7502.2001953125
2018-05-02,2635.669921875,12802.25,22472.779296875,7543.2001953125
2018-05-08,2671.919921875,12912.2099609375,22508.689453125,7565.7998046875
2018-05-09,2697.7900390625,12943.0595703125,22408.880859375,7662.5
2018-05-10,2723.070068359375,13022.8701171875,22497.1796875,7701.0
2018-05-11,2727.719970703125,13001.240234375,22758.48046875,7724.60009765625
2018-05-14,2730.1298828125,12977.7099609375,22865.859375,7711.0
2018-05-15,2711.449951171875,12970.0400390625,22818.01953125,7723.0
2018-05-16,2722.4599609375,12996.330078125,22717.23046875,7734.2001953125
2018-05-17,2720.1298828125,13114.6103515625,22838.369140625,7788.0
2018-05-18,2712.969970703125,13077.7197265625,22930.359375,7778.7998046875
2018-05-22,2724.43994140625,13169.919921875,22960.33984375,7877.5
2018-05-23,2733.2900390625,12976.83984375,22689.740234375,7788.39990234375
2018-05-24,2727.760009765625,12855.08984375,22437.009765625,7716.7001953125
2018-05-25,2721.330078125,12938.009765625,22450.7890625,7730.2998046875
2018-05-29,2689.860107421875,12666.509765625,22358.4296875,7632.60009765625
2018-05-30,2724.010009765625,12783.759765625,22018.51953125,7689.60009765625
2018-05-31,2705.27001953125,12604.8896484375,22201.8203125,7678.2001953125
2018-06-01,2734.6201171875,12724.26953125,22171.349609375,7701.7998046875
2018-06-04,2746.8701171875,12770.75,22475.939453125,7741.2998046875
2018-06-05,2748.800048828125,12787.1298828125,22539.5390625,7686.7998046875
2018-06-06,2772.35009765625,12830.0703125,22625.73046875,7712.39990234375
2018-06-07,2770.3701171875,12811.0498046875,22823.259765625,7704.39990234375
2018-06-08,2779.030029296875,12766.5498046875,22694.5,7681.10009765625
2018-06-11,2782.0,12842.91015625,22804.0390625,7737.39990234375
2018-06-12,2786.85009765625,12842.2998046875,22878.349609375,7703.7998046875
2018-06-13,2775.6298828125,12890.580078125,22966.380859375,7703.7001953125
2018-06-14,2782.489990234375,13107.099609375,22738.609375,7765.7998046875
2018-06-15,2779.659912109375,13010.5498046875,22851.75,7633.89990234375
2018-06-18,2773.75,12834.1103515625,22680.330078125,7631.2998046875
2018-06-19,2762.590087890625,12677.9697265625,22278.48046875,7603.89990234375
2018-06-20,2767.320068359375,12695.16015625,22555.4296875,7627.39990234375
2018-06-21,2749.760009765625,12511.91015625,22693.0390625,7556.39990234375
2018-06-22,2754.8798828125,12579.7197265625,22516.830078125,7682.2998046875
2018-06-25,2717.070068359375,12270.330078125,22338.150390625,7509.7998046875
2018-06-26,2723.06005859375,12234.33984375,22342.0,7537.89990234375
2018-06-27,2699.6298828125,12348.6103515625,22271.76953125,7621.7001953125
2018-06-28,2716.31005859375,12177.23046875,22270.390625,7615.60009765625
2018-06-29,2718.3701171875,12306.0,22304.509765625,7636.89990234375
2018-07-02,2726.7099609375,12238.169921875,21811.9296875,7547.89990234375
2018-07-03,2713.219970703125,12349.1396484375,21785.5390625,7593.2998046875
2018-07-05,2736.610107421875,12464.2900390625,21546.990234375,7603.2001953125
2018-07-06,2759.820068359375,12496.169921875,21788.140625,7617.7001953125
2018-07-09,2784.169921875,12543.8896484375,22052.1796875,7688.0
2018-07-10,2793.840087890625,12609.849609375,22196.890625,7692.0
2018-07-11,2774.02001953125,12417.1298828125,21932.2109375,7592.0
2018-07-12,2798.2900390625,12492.9697265625,22187.9609375,7651.2998046875
2018-07-13,2801.31005859375,12540.73046875,22597.349609375,7661.89990234375
2018-07-16,2798.429931640625,12561.01953125,22597.349609375,7600.5
2018-07-17,2809.550048828125,12661.5400390625,22697.359375,7626.2998046875
2018-07-18,2815.6201171875,12765.9404296875,22794.189453125,7676.2998046875
2018-07-19,2804.489990234375,12686.2900390625,22764.6796875,7684.0
2018-07-20,2801.830078125,12561.419921875,22697.880859375,7678.7998046875
2018-07-23,2806.97998046875,12548.5703125,22396.990234375,7655.7998046875
2018-07-24,2820.39990234375,12689.3896484375,22510.48046875,7709.10009765625
2018-07-25,2846.070068359375,12579.330078125,22614.25,7658.2998046875
2018-07-26,2837.43994140625,12809.23046875,22586.869140625,7663.2001953125
2018-07-27,2818.820068359375,12860.400390625,22712.75,7701.2998046875
2018-07-30,2802.60009765625,12798.2001953125,22544.83984375,7700.89990234375
2018-07-31,2816.2900390625,12805.5,22553.720703125,7748.7998046875
2018-08-01,2813.360107421875,12737.0498046875,22746.69921875,7652.89990234375
2018-08-02,2827.219970703125,12546.330078125,22512.529296875,7575.89990234375
2018-08-03,2840.35009765625,12615.759765625,22525.1796875,7659.10009765625
2018-08-06,2850.39990234375,12598.2099609375,22507.3203125,7663.7998046875
2018-08-07,2858.449951171875,12648.1904296875,22662.740234375,7718.5
2018-08-08,2857.699951171875,12633.5400390625,22644.310546875,7776.7001953125
2018-08-09,2853.580078125,12676.1103515625,22598.390625,7741.7998046875
2018-08-10,2833.280029296875,12424.349609375,22298.080078125,7667.0
2018-08-13,2821.929931640625,12358.740234375,21857.4296875,7642.5
2018-08-14,2839.9599609375,12358.8701171875,22356.080078125,7611.60009765625
2018-08-15,2818.3701171875,12163.009765625,22204.220703125,7497.89990234375
2018-08-16,2840.68994140625,12237.169921875,22192.0390625,7556.39990234375
2018-08-17,2850.1298828125,12210.5498046875,22270.380859375,7558.60009765625
2018-08-20,2857.050048828125,12331.2998046875,22199.0,7591.2998046875
2018-08-21,2862.9599609375,12384.490234375,22219.73046875,7565.7001953125
2018-08-22,2861.820068359375,12385.7001953125,22362.55078125,7574.2001953125
2018-08-23,2856.97998046875,12365.580078125,22410.8203125,7563.2001953125
2018-08-24,2874.68994140625,12394.51953125,22601.76953125,7577.5
2018-08-28,2897.52001953125,12527.419921875,22813.470703125,7617.2001953125
2018-08-29,2914.0400390625,12561.6796875,22848.220703125,7563.2001953125
2018-08-30,2901.1298828125,12494.240234375,22869.5,7516.0
2018-08-31,2901.52001953125,12364.0595703125,22865.150390625,7432.39990234375
2018-09-04,2896.719970703125,12210.2099609375,22696.900390625,7457.89990234375
2018-09-05,2888.60009765625,12040.4599609375,22580.830078125,7383.2998046875
2018-09-06,2878.050048828125,11955.25,22487.939453125,7319.0
2018-09-07,2871.679931640625,11959.6298828125,22307.060546875,7277.7001953125
2018-09-10,2877.1298828125,11986.33984375,22373.08984375,7279.2998046875
2018-09-11,2887.889892578125,11970.26953125,22664.689453125,7273.5
2018-09-12,2888.919921875,12032.2998046875,22604.609375,7313.39990234375
2018-09-13,2904.179931640625,12055.5498046875,22821.3203125,7281.60009765625
2018-09-14,2904.97998046875,12124.330078125,23094.669921875,7304.0
2018-09-18,2904.31005859375,12157.669921875,23420.5390625,7300.2001953125
2018-09-19,2907.949951171875,12219.01953125,23672.51953125,7331.10009765625
2018-09-20,2930.75,12326.48046875,23674.9296875,7367.2998046875
2018-09-21,2929.669921875,12430.8798828125,23869.9296875,7490.2001953125
2018-09-25,2915.56005859375,12374.66015625,23940.259765625,7507.60009765625
2018-09-26,2905.969970703125,12385.8896484375,24033.7890625,7511.5
2018-09-27,2914.0,12435.58984375,23796.740234375,7545.39990234375
2018-09-28,2913.97998046875,12246.73046875,24120.0390625,7510.2001953125
2018-10-01,2924.590087890625,12339.0302734375,24245.759765625,7495.7001953125
2018-10-02,2923.429931640625,12287.580078125,24270.619140625,7474.60009765625
2018-10-04,2901.610107421875,12244.1396484375,23975.619140625,7418.2998046875
2018-10-05,2885.570068359375,12111.900390625,23783.720703125,7318.5
2018-10-09,2880.340087890625,11977.2197265625,23469.390625,7237.60009765625
2018-10-10,2785.679931640625,11712.5,23506.0390625,7145.7001953125
2018-10-11,2728.3701171875,11539.349609375,22590.859375,7006.89990234375
2018-10-12,2767.1298828125,11523.8095703125,22694.66015625,6995.89990234375
2018-10-15,2750.7900390625,11614.16015625,22271.30078125,7029.2001953125
2018-10-16,2809.919921875,11776.5498046875,22549.240234375,7059.39990234375
2018-10-17,2809.2099609375,11715.0302734375,22841.119140625,7054.60009765625
2018-10-18,2768.780029296875,11589.2099609375,22658.16015625,7027.0
2018-10-19,2767.780029296875,11553.830078125,22532.080078125,7049.7998046875
2018-10-22,2755.8798828125,11524.33984375,22614.8203125,7042.7998046875
2018-10-23,2740.68994140625,11274.2802734375,22010.779296875,6955.2001953125
2018-10-24,2656.10009765625,11191.6298828125,22091.1796875,6963.0
2018-10-25,2705.570068359375,11307.1201171875,21268.73046875,7004.10009765625
2018-10-26,2658.68994140625,11200.6201171875,21184.599609375,6939.60009765625
2018-10-29,2641.25,11335.48046875,21149.80078125,7026.2998046875
2018-10-30,2682.6298828125,11287.3896484375,21457.2890625,7035.89990234375
2018-10-31,2711.739990234375,11447.509765625,21920.4609375,7128.10009765625
2018-11-01,2740.3701171875,11468.5400390625,21687.650390625,7114.7001953125
2018-11-02,2723.06005859375,11518.990234375,22243.66015625,7094.10009765625
2018-11-05,2738.31005859375,11494.9599609375,21898.990234375,7103.7998046875
2018-11-06,2755.449951171875,11484.33984375,22147.75,7040.7001953125
2018-11-07,2813.889892578125,11579.099609375,22085.80078125,7117.2998046875
2018-11-08,2806.830078125,11527.3203125,22486.919921875,7140.7001953125
2018-11-09,2781.010009765625,11529.16015625,22250.25,7105.2998046875
2018-11-12,2726.219970703125,11325.4404296875,22269.880859375,7053.10009765625
2018-11-13,2722.179931640625,11472.2197265625,21810.51953125,7053.7998046875
2018-11-14,2701.580078125,11412.5302734375,21846.48046875,7033.7998046875
2018-11-15,2730.199951171875,11353.669921875,21803.619140625,7038.0
2018-11-16,2736.27001953125,11341.0,21680.33984375,7013.89990234375
2018-11-19,2690.72998046875,11244.5400390625,21821.16015625,7000.89990234375
2018-11-20,2641.889892578125,11066.41015625,21583.119140625,6947.89990234375
2018-11-21,2649.929931640625,11244.169921875,21507.5390625,7050.2001953125
2018-11-26,2673.449951171875,11354.7197265625,21812.0,7036.0
2018-11-27,2682.169921875,11309.1103515625,21952.400390625,7016.89990234375
2018-11-28,2743.7900390625,11298.8798828125,22177.01953125,7004.5
2018-11-29,2737.800048828125,11298.23046875,22262.599609375,7039.0
2018-11-30,2760.169921875,11257.240234375,22351.060546875,6980.2001953125
2018-12-03,2790.3701171875,11465.4599609375,22574.759765625,7062.39990234375
2018-12-04,2700.06005859375,11335.3203125,22036.05078125,7022.7998046875
2018-12-06,2695.949951171875,10810.98046875,21501.619140625,6704.10009765625
2018-12-07,2633.080078125,10788.08984375,21678.6796875,6778.10009765625
2018-12-10,2637.719970703125,10622.0703125,21219.5,6721.5
2018-12-11,2636.780029296875,10780.509765625,21148.01953125,6806.89990234375
2018-12-12,2651.070068359375,10929.4296875,21602.75,6880.2001953125
2018-12-13,2650.5400390625,10924.7001953125,21816.189453125,6877.5
2018-12-14,2599.949951171875,10865.76953125,21374.830078125,6845.2001953125
2018-12-17,2545.93994140625,10772.2001953125,21506.880859375,6773.2001953125
2018-12-18,2546.159912109375,10740.8896484375,21115.44921875,6701.60009765625
2018-12-19,2506.9599609375,10766.2099609375,20987.919921875,6765.89990234375
2018-12-20,2467.419921875,10611.099609375,20392.580078125,6711.89990234375
2018-12-21,2416.6201171875,10633.8203125,20166.189453125,6721.2001953125
2018-12-27,2488.830078125,10381.509765625,20077.619140625,6584.7001953125
2018-12-28,2485.739990234375,10558.9599609375,20014.76953125,6734.0
2019-01-04,2531.93994140625,10767.6904296875,19561.9609375,6837.39990234375
2019-01-07,2549.68994140625,10747.8095703125,20038.970703125,6810.89990234375
2019-01-08,2574.409912109375,10803.98046875,20204.0390625,6861.60009765625
2019-01-09,2584.9599609375,10893.3203125,20427.060546875,6906.60009765625
2019-01-10,2596.639892578125,10921.58984375,20163.80078125,6942.89990234375
2019-01-11,2596.260009765625,10887.4599609375,20359.69921875,6918.2001953125
2019-01-15,2610.300048828125,10891.7900390625,20555.2890625,6895.0
2019-01-16,2616.10009765625,10931.240234375,20442.75,6862.7001953125
2019-01-17,2635.9599609375,10918.6201171875,20402.26953125,6834.89990234375
2019-01-18,2670.7099609375,11205.5400390625,20666.0703125,6968.2998046875
2019-01-22,2632.89990234375,11090.1103515625,20622.91015625,6901.39990234375
2019-01-23,2638.699951171875,11071.5400390625,20593.720703125,6842.89990234375
2019-01-24,2642.330078125,11130.1796875,20574.630859375,6819.0
2019-01-25,2664.760009765625,11281.7900390625,20773.560546875,6809.2001953125
2019-01-28,2643.85009765625,11210.3095703125,20649.0,6747.10009765625
2019-01-29,2640.0,11218.830078125,20664.640625,6833.89990234375
2019-01-30,2681.050048828125,11181.66015625,20556.5390625,6941.60009765625
2019-01-31,2704.10009765625,11173.099609375,20773.490234375,6968.89990234375
2019-02-01,2706.530029296875,11180.66015625,20788.390625,7020.2001953125
2019-02-04,2724.8701171875,11176.580078125,20883.76953125,7034.10009765625
2019-02-05,2737.699951171875,11367.98046875,20844.44921875,7177.39990234375
2019-02-06,2731.610107421875,11324.7197265625,20874.060546875,7173.10009765625
2019-02-07,2706.050048828125,11022.01953125,20751.279296875,7093.60009765625
2019-02-08,2707.8798828125,10906.7802734375,20333.169921875,7071.2001953125
2019-02-12,2744.72998046875,11126.080078125,20864.2109375,7133.10009765625
2019-02-13,2753.030029296875,11167.2197265625,21144.48046875,7190.7998046875
2019-02-14,2745.72998046875,11089.7900390625,21139.7109375,7197.0
2019-02-15,2775.60009765625,11299.7998046875,20900.630859375,7236.7001953125
2019-02-19,2779.760009765625,11309.2099609375,21302.650390625,7179.2001953125
2019-02-20,2784.699951171875,11401.9697265625,21431.490234375,7228.60009765625
2019-02-21,2774.8798828125,11423.2802734375,21464.23046875,7167.39990234375
2019-02-22,2792.669921875,11457.7001953125,21425.509765625,7178.60009765625
2019-02-25,2796.110107421875,11505.3896484375,21528.23046875,7183.7001953125
2019-02-26,2793.89990234375,11540.7900390625,21449.390625,7151.10009765625
2019-02-27,2792.3798828125,11487.330078125,21556.509765625,7107.2001953125
2019-02-28,2784.489990234375,11515.6396484375,21385.16015625,7074.7001953125
2019-03-01,2803.68994140625,11601.6796875,21602.689453125,7106.7001953125
2019-03-04,2792.81005859375,11592.66015625,21822.0390625,7134.39990234375
2019-03-05,2789.64990234375,11620.740234375,21726.279296875,7183.39990234375
2019-03-06,2771.449951171875,11587.6298828125,21596.810546875,7196.0
2019-03-07,2748.929931640625,11517.7998046875,21456.009765625,7157.60009765625
2019-03-08,2743.070068359375,11457.83984375,21025.560546875,7104.2998046875
2019-03-11,2783.300048828125,11543.48046875,21125.08984375,7130.60009765625
2019-03-12,2791.52001953125,11524.169921875,21503.689453125,7151.2001953125
2019-03-13,2810.919921875,11572.41015625,21290.240234375,7159.2001953125
2019-03-14,2808.47998046875,11587.4697265625,21287.01953125,7185.39990234375
2019-03-15,2822.47998046875,11685.6904296875,21450.849609375,7228.2998046875
2019-03-18,2832.93994140625,11657.0595703125,21584.5,7299.2001953125
2019-03-19,2832.570068359375,11788.41015625,21566.849609375,7324.0
2019-03-20,2824.22998046875,11603.8896484375,21608.919921875,7291.0
2019-03-22,2800.7099609375,11364.169921875,21627.33984375,7207.60009765625
2019-03-25,2798.360107421875,11346.650390625,20977.109375,7177.60009765625
2019-03-26,2818.4599609375,11419.48046875,21428.390625,7196.2998046875
2019-03-27,2805.3701171875,11419.0400390625,21378.73046875,7194.2001953125
2019-03-28,2815.43994140625,11428.16015625,21033.759765625,7234.2998046875
2019-03-29,2834.39990234375,11526.0400390625,21205.810546875,7279.2001953125
2019-04-01,2867.18994140625,11681.990234375,21509.029296875,7317.39990234375
2019-04-02,2867.239990234375,11754.7900390625,21505.310546875,7391.10009765625
2019-04-03,2873.39990234375,11954.400390625,21713.2109375,7418.2998046875
2019-04-04,2879.389892578125,11988.009765625,21724.94921875,7401.89990234375
2019-04-05,2892.739990234375,12009.75,21807.5,7446.89990234375
2019-04-08,2895.77001953125,11963.400390625,21761.650390625,7451.89990234375
2019-04-09,2878.199951171875,11850.5703125,21802.58984375,7425.60009765625
2019-04-10,2888.2099609375,11905.91015625,21687.5703125,7421.89990234375
2019-04-11,2888.320068359375,11935.2001953125,21711.380859375,7418.0
2019-04-12,2907.409912109375,11999.9296875,21870.560546875,7437.10009765625
2019-04-15,2905.580078125,12020.2802734375,22169.109375,7436.89990234375
2019-04-16,2907.06005859375,12101.3203125,22221.66015625,7469.89990234375
2019-04-17,2900.449951171875,12153.0703125,22277.970703125,7471.2998046875
2019-04-18,2905.030029296875,12222.3896484375,22090.119140625,7459.89990234375
2019-04-23,2933.679931640625,12235.509765625,22259.740234375,7523.10009765625
2019-04-24,2927.25,12313.16015625,22200.0,7471.7998046875
2019-04-25,2926.169921875,12282.599609375,22307.580078125,7434.10009765625
2019-04-26,2939.8798828125,12315.1796875,22258.73046875,7428.2001953125
2019-05-07,2884.050048828125,12092.740234375,21923.720703125,7260.5
2019-05-08,2879.419921875,12179.9296875,21602.58984375,7271.0
2019-05-09,2870.719970703125,11973.919921875,21402.130859375,7207.39990234375
2019-05-10,2881.39990234375,12059.830078125,21344.919921875,7203.2998046875
2019-05-13,2811.8701171875,11876.650390625,21191.279296875,7163.7001953125
2019-05-14,2834.409912109375,11991.6201171875,21067.23046875,7241.60009765625
2019-05-15,2850.9599609375,12099.5703125,21188.560546875,7297.0
2019-05-16,2876.320068359375,12310.3701171875,21062.98046875,7353.5
2019-05-17,2859.530029296875,12238.9404296875,21250.08984375,7348.60009765625
2019-05-20,2840.22998046875,12041.2900390625,21301.73046875,7310.89990234375
2019-05-21,2864.360107421875,12143.4697265625,21272.44921875,7328.89990234375
2019-05-22,2856.27001953125,12168.740234375,21283.369140625,7334.2001953125
2019-05-23,2822.239990234375,11952.41015625,21151.140625,7231.0
2019-05-24,2826.06005859375,12011.0400390625,21117.220703125,7277.7001953125
2019-05-28,2802.389892578125,12027.0498046875,21260.140625,7269.0
2019-05-29,2783.02001953125,11837.8095703125,21003.369140625,7185.2998046875
2019-05-30,2788.860107421875,11902.080078125,20942.529296875,7218.2001953125
2019-05-31,2752.06005859375,11726.83984375,20601.189453125,7161.7001953125
2019-06-03,2744.449951171875,11792.8095703125,20410.880859375,7184.7998046875
2019-06-04,2803.27001953125,11971.169921875,20408.5390625,7214.2998046875
2019-06-05,2826.14990234375,11980.8095703125,20776.099609375,7220.2001953125
2019-06-06,2843.489990234375,11953.1396484375,20774.0390625,7259.89990234375
2019-06-07,2873.340087890625,12045.3798828125,20884.7109375,7331.89990234375
2019-06-11,2885.719970703125,12155.8095703125,21204.279296875,7398.5
2019-06-12,2879.840087890625,12115.6796875,21129.720703125,7367.60009765625
2019-06-13,2891.639892578125,12169.0498046875,21032.0,7368.60009765625
2019-06-14,2886.97998046875,12096.400390625,21116.890625,7345.7998046875
2019-06-17,2889.669921875,12085.8203125,21124.0,7357.2998046875
2019-06-18,2917.75,12331.75,20972.7109375,7443.0
2019-06-19,2926.4599609375,12308.5302734375,21333.869140625,7403.5
2019-06-20,2954.179931640625,12355.3896484375,21462.859375,7424.39990234375
2019-06-21,2950.4599609375,12339.919921875,21258.640625,7407.5
2019-06-24,2945.35009765625,12274.5703125,21285.990234375,7416.7001953125
2019-06-25,2917.3798828125,12228.4404296875,21193.810546875,7422.39990234375
2019-06-26,2913.780029296875,12245.3203125,21086.58984375,7416.39990234375
2019-06-27,2924.919921875,12271.0302734375,21338.169921875,7402.2998046875
2019-06-28,2941.760009765625,12398.7998046875,21275.919921875,7425.60009765625
2019-07-01,2964.330078125,12521.3798828125,21729.970703125,7497.5
2019-07-02,2973.010009765625,12526.7197265625,21754.26953125,7559.2001953125
2019-07-03,2995.820068359375,12616.240234375,21638.16015625,7609.2998046875
2019-07-05,2990.409912109375,12568.5302734375,21746.380859375,7553.10009765625
2019-07-08,2975.949951171875,12543.509765625,21534.349609375,7549.2998046875
2019-07-09,2979.6298828125,12436.5498046875,21565.150390625,7536.5
2019-07-10,2993.070068359375,12373.41015625,21533.48046875,7530.7001953125
2019-07-11,2999.909912109375,12332.1201171875,21643.529296875,7509.7998046875
2019-07-12,3013.77001953125,12323.3203125,21685.900390625,7506.0
2019-07-16,3004.0400390625,12430.9697265625,21535.25,7577.2001953125
2019-07-17,2984.419921875,12341.0302734375,21469.1796875,7535.5
2019-07-18,2995.110107421875,12227.849609375,21046.240234375,7493.10009765625
2019-07-19,2976.610107421875,12260.0703125,21466.990234375,7508.7001953125
2019-07-22,2985.030029296875,12289.400390625,21416.7890625,7514.89990234375
2019-07-23,3005.469970703125,12490.740234375,21620.880859375,7556.89990234375
2019-07-24,3019.56005859375,12522.8896484375,21709.5703125,7501.5
2019-07-25,3003.669921875,12362.099609375,21756.55078125,7489.10009765625
2019-07-26,3025.860107421875,12419.900390625,21658.150390625,7549.10009765625
2019-07-29,3020.969970703125,12417.4697265625,21616.80078125,7686.60009765625
2019-07-30,3013.179931640625,12147.240234375,21709.310546875,7646.7998046875
2019-07-31,2980.3798828125,12189.0400390625,21521.529296875,7586.7998046875
2019-08-01,2953.56005859375,12253.150390625,21540.990234375,7584.89990234375
2019-08-02,2932.050048828125,11872.4404296875,21087.16015625,7407.10009765625
2019-08-05,2844.739990234375,11658.509765625,20720.2890625,7223.89990234375
2019-08-06,2881.77001953125,11567.9599609375,20585.310546875,7171.7001953125
2019-08-07,2883.97998046875,11650.150390625,20516.560546875,7198.7001953125
2019-08-08,2938.090087890625,11845.41015625,20593.349609375,7285.89990234375
2019-08-09,2918.64990234375,11693.7998046875,20684.8203125,7253.89990234375
2019-08-13,2926.320068359375,11750.1298828125,20455.439453125,7250.89990234375
2019-08-14,2840.60009765625,11492.66015625,20655.130859375,7147.89990234375
2019-08-15,2847.60009765625,11412.669921875,20405.650390625,7067.0
2019-08-16,2888.679931640625,11562.740234375,20418.810546875,7117.2001953125
2019-08-19,2923.64990234375,11715.3701171875,20563.16015625,7189.7001953125
2019-08-20,2900.510009765625,11651.1796875,20677.220703125,7125.0
2019-08-21,2924.429931640625,11802.849609375,20618.5703125,7204.0
2019-08-22,2922.949951171875,11747.0400390625,20628.009765625,7128.2001953125
2019-08-23,2847.110107421875,11611.509765625,20710.91015625,7095.0
2019-08-27,2869.159912109375,11730.01953125,20456.080078125,7089.60009765625
2019-08-28,2887.93994140625,11701.01953125,20479.419921875,7114.7001953125
2019-08-29,2924.580078125,11838.8798828125,20460.9296875,7184.2998046875
2019-08-30,2926.4599609375,11939.2802734375,20704.369140625,7207.2001953125
2019-09-03,2906.27001953125,11910.8603515625,20625.16015625,7268.2001953125
2019-09-04,2937.780029296875,12025.0400390625,20649.140625,7311.2998046875
2019-09-05,2976.0,12126.7802734375,21085.939453125,7271.2001953125
2019-09-06,2978.7099609375,12191.73046875,21199.5703125,7282.2998046875
2019-09-09,2978.429931640625,12226.099609375,21318.419921875,7235.7998046875
2019-09-10,2979.389892578125,12268.7099609375,21392.099609375,7268.0
2019-09-11,3000.929931640625,12359.0703125,21597.759765625,7338.0
2019-09-12,3009.570068359375,12410.25,21759.609375,7344.7001953125
2019-09-13,3007.389892578125,12468.5302734375,21988.2890625,7367.5
2019-09-17,3005.699951171875,12372.6103515625,22001.3203125,7320.39990234375
2019-09-18,3006.72998046875,12389.6201171875,21960.7109375,7314.10009765625
2019-09-19,3006.7900390625,12457.7001953125,22044.44921875,7356.39990234375
2019-09-20,2992.070068359375,12468.009765625,22079.08984375,7344.89990234375
2019-09-24,2966.60009765625,12307.150390625,22098.83984375,7291.39990234375
2019-09-25,2984.8701171875,12234.1796875,22020.150390625,7290.0
2019-09-26,2977.6201171875,12288.5400390625,22048.240234375,7351.10009765625
2019-09-27,2961.7900390625,12380.9404296875,21878.900390625,7426.2001953125
2019-09-30,2976.739990234375,12428.080078125,21755.83984375,7408.2001953125
2019-10-01,2940.25,12263.830078125,21885.240234375,7360.2998046875
2019-10-02,2887.610107421875,11925.25,21778.609375,7122.5
2019-10-04,2952.010009765625,12012.8095703125,21410.19921875,7155.39990234375
2019-10-07,2938.7900390625,12097.4296875,21375.25,7197.89990234375
2019-10-08,2893.06005859375,11970.2001953125,21587.779296875,7143.2001953125
2019-10-09,2919.39990234375,12094.259765625,21456.380859375,7166.5
2019-10-10,2938.1298828125,12164.2001953125,21551.98046875,7186.39990234375
2019-10-11,2970.27001953125,12511.650390625,21798.869140625,7247.10009765625
2019-10-15,2995.679931640625,12629.7900390625,22207.2109375,7211.60009765625
2019-10-16,2989.68994140625,12670.1103515625,22472.919921875,7168.0
2019-10-17,2997.949951171875,12654.9501953125,22451.859375,7182.2998046875
2019-10-18,2986.199951171875,12633.599609375,22492.6796875,7150.60009765625
2019-10-21,3006.719970703125,12747.9599609375,22548.900390625,7163.60009765625
2019-10-23,3004.52001953125,12798.1904296875,22625.380859375,7260.7001953125
2019-10-24,3010.2900390625,12872.099609375,22750.599609375,7328.2998046875
2019-10-25,3022.550048828125,12894.509765625,22799.810546875,7324.5
2019-10-28,3039.419921875,12941.7099609375,22867.26953125,7331.2998046875
2019-10-29,3036.889892578125,12939.6201171875,22974.130859375,7306.2998046875
2019-10-30,3046.77001953125,12910.23046875,22843.119140625,7330.7998046875
2019-10-31,3037.56005859375,12866.7900390625,22927.0390625,7248.39990234375
2019-11-01,3066.909912109375,12961.0498046875,22850.76953125,7302.39990234375
2019-11-05,3074.6201171875,13148.5,23251.990234375,7388.10009765625
2019-11-06,3076.780029296875,13179.8896484375,23303.8203125,7396.7001953125
2019-11-07,3085.179931640625,13289.4599609375,23330.3203125,7406.39990234375
2019-11-08,3093.080078125,13228.5595703125,23391.869140625,7359.39990234375
2019-11-11,3087.010009765625,13198.3701171875,23331.83984375,7328.5
2019-11-12,3091.840087890625,13283.509765625,23520.009765625,7365.39990234375
2019-11-13,3094.0400390625,13230.0703125,23319.869140625,7351.2001953125
2019-11-14,3096.6298828125,13180.23046875,23141.55078125,7292.7998046875
2019-11-15,3120.4599609375,13241.75,23303.3203125,7302.89990234375
2019-11-18,3122.030029296875,13207.009765625,23416.759765625,7307.7001953125
2019-11-19,3120.179931640625,13221.1201171875,23292.650390625,7323.7998046875
2019-11-20,3108.4599609375,13158.1396484375,23148.5703125,7262.5
2019-11-21,3103.5400390625,13137.7001953125,23038.580078125,7238.60009765625
2019-11-22,3110.2900390625,13163.8798828125,23112.880859375,7326.7998046875
2019-11-25,3133.639892578125,13246.4501953125,23292.810546875,7396.2998046875
2019-11-26,3140.52001953125,13236.419921875,23373.3203125,7403.10009765625
2019-11-27,3153.6298828125,13287.0703125,23437.76953125,7429.7998046875
2019-11-29,3140.97998046875,13236.3798828125,23293.91015625,7346.5
2019-12-02,3113.8701171875,12964.6796875,23529.5,7285.89990234375
2019-12-03,3093.199951171875,12989.2900390625,23379.810546875,7158.7998046875
2019-12-04,3112.760009765625,13140.5703125,23135.23046875,7188.5
2019-12-05,3117.429931640625,13054.7998046875,23300.08984375,7137.89990234375
2019-12-06,3145.909912109375,13166.580078125,23354.400390625,7239.7001953125
2019-12-09,3135.9599609375,13105.6103515625,23430.69921875,7233.89990234375
2019-12-10,3132.52001953125,13070.7197265625,23410.189453125,7213.7998046875
2019-12-11,3141.6298828125,13146.740234375,23391.859375,7216.2998046875
2019-12-12,3168.570068359375,13221.6396484375,23424.810546875,7273.5
2019-12-13,3168.800048828125,13282.7197265625,24023.099609375,7353.39990234375
2019-12-16,3191.449951171875,13407.66015625,23952.349609375,7519.10009765625
2019-12-17,3192.52001953125,13287.830078125,24066.119140625,7525.2998046875
2019-12-18,3191.139892578125,13222.16015625,23934.4296875,7540.7998046875
2019-12-19,3205.3701171875,13211.9599609375,23864.849609375,7573.7998046875
2019-12-20,3221.219970703125,13318.900390625,23816.630859375,7582.5
2019-12-23,3224.010009765625,13300.98046875,23821.109375,7623.60009765625
2019-12-27,3240.02001953125,13337.1103515625,23837.720703125,7644.89990234375
2019-12-30,3221.2900390625,13249.009765625,23656.619140625,7587.10009765625
2020-01-06,3246.280029296875,13126.990234375,23204.859375,7575.2998046875
2020-01-07,3237.179931640625,13226.830078125,23575.720703125,7573.89990234375
2020-01-08,3253.050048828125,13320.1796875,23204.759765625,7574.89990234375
2020-01-09,3274.699951171875,13495.0595703125,23739.869140625,7598.10009765625
2020-01-10,3265.35009765625,13483.3095703125,23850.5703125,7587.89990234375
2020-01-14,3283.14990234375,13456.490234375,24025.169921875,7622.39990234375
2020-01-15,3289.2900390625,13432.2998046875,23916.580078125,7642.7998046875
2020-01-16,3316.81005859375,13429.4296875,23933.130859375,7609.7998046875
2020-01-17,3329.6201171875,13526.1298828125,24041.259765625,7674.60009765625
2020-01-21,3320.7900390625,13555.8701171875,23864.560546875,7610.7001953125
2020-01-22,3321.75,13515.75,24031.349609375,7571.89990234375
2020-01-23,3325.5400390625,13388.419921875,23795.439453125,7507.7001953125
2020-01-24,3295.469970703125,13576.6796875,23827.1796875,7586.0
2020-01-27,3243.6298828125,13204.76953125,23343.509765625,7412.10009765625
2020-01-28,3276.239990234375,13323.6904296875,23215.7109375,7480.7001953125
2020-01-29,3273.39990234375,13345.0,23379.400390625,7483.60009765625
2020-01-30,3283.659912109375,13157.1201171875,22977.75,7382.0
2020-01-31,3225.52001953125,12981.9697265625,23205.1796875,7286.0
2020-02-03,3248.919921875,13045.1904296875,22971.939453125,7326.2998046875
2020-02-04,3297.590087890625,13281.740234375,23084.58984375,7439.7998046875
2020-02-05,3334.68994140625,13478.330078125,23319.560546875,7482.5
2020-02-06,3345.780029296875,13574.8203125,23873.58984375,7504.7998046875
2020-02-07,3327.7099609375,13513.8095703125,23827.98046875,7466.7001953125
2020-02-10,3352.090087890625,13494.0302734375,23685.98046875,7446.89990234375
2020-02-12,3379.449951171875,13749.7802734375,23861.2109375,7534.39990234375
2020-02-13,3373.93994140625,13745.4296875,23827.73046875,7452.0
2020-02-14,3380.159912109375,13744.2099609375,23687.58984375,7409.10009765625
2020-02-18,3370.2900390625,13681.1904296875,23193.80078125,7382.0
2020-02-19,3386.14990234375,13789.0,23400.69921875,7457.0
2020-02-20,3373.22998046875,13664.0,23479.150390625,7436.60009765625
2020-02-21,3337.75,13579.330078125,23386.740234375,7403.89990234375
2020-02-25,3128.2099609375,12790.490234375,22605.41015625,7017.89990234375
2020-02-26,3116.389892578125,12774.8798828125,22426.189453125,7042.5
2020-02-27,2978.760009765625,12367.4599609375,21948.23046875,6796.39990234375
2020-02-28,2954.219970703125,11890.349609375,21142.9609375,6580.60009765625
2020-03-02,3090.22998046875,11857.8701171875,21344.080078125,6654.89990234375
2020-03-03,3003.3701171875,11985.3896484375,21082.73046875,6718.2001953125
2020-03-04,3130.1201171875,12127.6904296875,21100.060546875,6815.60009765625
2020-03-05,3023.93994140625,11944.7197265625,21329.119140625,6705.39990234375
2020-03-06,2972.3701171875,11541.8701171875,20749.75,6462.60009765625
2020-03-09,2746.56005859375,10625.01953125,19698.759765625,5965.7998046875
2020-03-10,2882.22998046875,10475.490234375,19867.119140625,5960.2001953125
2020-03-11,2741.3798828125,10438.6796875,19416.060546875,5876.5
2020-03-12,2480.639892578125,9161.1298828125,18559.630859375,5237.5
2020-03-13,2711.02001953125,9232.080078125,17431.05078125,5366.10009765625
2020-03-16,2386.1298828125,8742.25,17002.0390625,5151.10009765625
2020-03-17,2529.18994140625,8939.099609375,17011.529296875,5294.89990234375
2020-03-18,2398.10009765625,8441.7099609375,16726.55078125,5080.60009765625
2020-03-19,2409.389892578125,8610.4296875,16552.830078125,5151.60009765625
2020-03-23,2237.39990234375,8741.150390625,16887.779296875,4993.89990234375
2020-03-24,2447.330078125,9700.5703125,18092.349609375,5446.0
2020-03-25,2475.56005859375,9874.259765625,19546.630859375,5688.2001953125
2020-03-26,2630.070068359375,10000.9599609375,18664.599609375,5815.7001953125
2020-03-27,2541.469970703125,9632.51953125,19389.4296875,5510.2998046875
2020-03-30,2626.64990234375,9815.9697265625,19084.970703125,5563.7001953125
2020-03-31,2584.590087890625,9935.83984375,18917.009765625,5672.0
2020-04-01,2470.5,9544.75,18065.41015625,5454.60009765625
2020-04-02,2526.89990234375,9570.8203125,17818.720703125,5480.2001953125
2020-04-03,2488.64990234375,9525.76953125,17820.189453125,5415.5
2020-04-06,2663.679931640625,10075.169921875,18576.30078125,5582.39990234375
2020-04-07,2659.409912109375,10356.7001953125,18950.1796875,5704.5
2020-04-08,2749.97998046875,10332.8896484375,19353.240234375,5677.7001953125
2020-04-09,2789.820068359375,10564.740234375,19345.76953125,5842.7001953125
2020-04-14,2846.06005859375,10696.5595703125,19638.810546875,5791.2998046875
2020-04-15,2783.360107421875,10279.759765625,19550.08984375,5597.7001953125
2020-04-16,2799.550048828125,10301.5400390625,19290.19921875,5628.39990234375
2020-04-17,2874.56005859375,10625.7802734375,19897.259765625,5787.0
2020-04-20,2823.159912109375,10675.900390625,19669.119140625,5812.7998046875
2020-04-21,2736.56005859375,10249.849609375,19280.779296875,5641.0
2020-04-22,2799.31005859375,10415.0302734375,19137.94921875,5770.60009765625
2020-04-23,2797.800048828125,10513.7900390625,19429.439453125,5826.60009765625
2020-04-24,2836.739990234375,10336.08984375,19262.0,5752.2001953125
2020-04-27,2878.47998046875,10659.990234375,19783.220703125,5846.7998046875
2020-04-28,2863.389892578125,10795.6298828125,19771.189453125,5958.5
2020-04-30,2912.429931640625,10861.6396484375,20193.689453125,5901.2001953125
2020-05-07,2881.18994140625,10759.26953125,19674.76953125,5936.0
2020-05-11,2930.18994140625,10824.990234375,20390.66015625,5939.7001953125
2020-05-12,2870.1201171875,10819.5,20366.48046875,5994.7998046875
2020-05-13,2820.0,10542.66015625,20267.05078125,5904.10009765625
2020-05-14,2852.5,10337.01953125,19914.779296875,5741.5
2020-05-15,2863.699951171875,10465.169921875,20037.470703125,5799.7998046875
2020-05-18,2953.909912109375,11058.8701171875,20133.73046875,6048.60009765625
2020-05-19,2922.93994140625,11075.2900390625,20433.44921875,6002.2001953125
2020-05-20,2971.610107421875,11223.7099609375,20595.150390625,6067.2001953125
2020-05-21,2948.510009765625,11065.9296875,20552.310546875,6015.2998046875
2020-05-22,2955.449951171875,11073.8701171875,20388.16015625,5993.2998046875
2020-05-26,2991.77001953125,11504.650390625,21271.169921875,6067.7998046875
2020-05-27,3036.1298828125,11657.6904296875,21419.23046875,6144.2998046875
2020-05-28,3029.72998046875,11781.1298828125,21916.310546875,6218.7998046875
2020-05-29,3044.31005859375,11586.849609375,21877.890625,6076.60009765625
